date,machine,shift,totalproducedunits
03/07/23,Machine1,Day,10601
03/07/23,Machine1,Night,12094
03/07/23,Machine2,Day,9700
03/07/23,Machine2,Night,9716
03/07/23,Machine3,Day,10299
03/07/23,Machine3,Night,10334
03/07/23,Machine4,Day,10404
03/07/23,Machine4,Night,9841
03/07/23,Machine5,Day,9190
03/07/23,Machine5,Night,13312
03/08/23,Machine1,Day,8750
03/08/23,Machine1,Night,11142
03/08/23,Machine2,Day,11507
03/08/23,Machine2,Night,10880
03/08/23,Machine3,Day,12914
03/08/23,Machine3,Night,11202
03/08/23,Machine4,Day,11261
03/08/23,Machine4,Night,8756
03/08/23,Machine5,Day,10502
03/08/23,Machine5,Night,13160
03/09/23,Machine1,Day,12732
03/09/23,Machine1,Night,11139
03/09/23,Machine2,Day,11767
03/09/23,Machine2,Night,11553
03/09/23,Machine3,Day,9358
03/09/23,Machine3,Night,12775
03/09/23,Machine4,Day,11821
03/09/23,Machine4,Night,12298
03/09/23,Machine5,Day,13469
03/09/23,Machine5,Night,9783
03/10/23,Machine1,Day,8552
03/10/23,Machine1,Night,13081
03/10/23,Machine2,Day,10450
03/10/23,Machine2,Night,11585
03/10/23,Machine3,Day,12264
03/10/23,Machine3,Night,9995
03/10/23,Machine4,Day,12023
03/10/23,Machine4,Night,12005
03/10/23,Machine5,Day,10189
03/10/23,Machine5,Night,13318
03/11/23,Machine1,Day,10994
03/11/23,Machine1,Night,9859
03/11/23,Machine2,Day,11650
03/11/23,Machine2,Night,12012
03/11/23,Machine3,Day,12155
03/11/23,Machine3,Night,12350
03/11/23,Machine4,Day,10555
03/11/23,Machine4,Night,11882
03/11/23,Machine5,Day,10909
03/11/23,Machine5,Night,12453
03/12/23,Machine1,Day,13221
03/12/23,Machine1,Night,9636
03/12/23,Machine2,Day,8629
03/12/23,Machine2,Night,10013
03/12/23,Machine3,Day,12956
03/12/23,Machine3,Night,9280
03/12/23,Machine4,Day,11158
03/12/23,Machine4,Night,10949
03/12/23,Machine5,Day,11222
03/12/23,Machine5,Night,11871
03/13/23,Machine1,Day,13236
03/13/23,Machine1,Night,10229
03/13/23,Machine2,Day,9449
03/13/23,Machine2,Night,13334
03/13/23,Machine3,Day,12321
03/13/23,Machine3,Night,9702
03/13/23,Machine4,Day,13260
03/13/23,Machine4,Night,9627
03/13/23,Machine5,Day,12611
03/13/23,Machine5,Night,10995
03/14/23,Machine1,Day,10013
03/14/23,Machine1,Night,10647
03/14/23,Machine2,Day,13460
03/14/23,Machine2,Night,10712
03/14/23,Machine3,Day,9430
03/14/23,Machine3,Night,11919
03/14/23,Machine4,Day,9812
03/14/23,Machine4,Night,11185
03/14/23,Machine5,Day,13088
03/14/23,Machine5,Night,11207
03/15/23,Machine1,Day,13144
03/15/23,Machine1,Night,8568
03/15/23,Machine2,Day,10023
03/15/23,Machine2,Night,9594
03/15/23,Machine3,Day,10358
03/15/23,Machine3,Night,11298
03/15/23,Machine4,Day,8848
03/15/23,Machine4,Night,12126
03/15/23,Machine5,Day,11373
03/15/23,Machine5,Night,9034
03/16/23,Machine1,Day,10717
03/16/23,Machine1,Night,10777
03/16/23,Machine2,Day,10224
03/16/23,Machine2,Night,8513
03/16/23,Machine3,Day,9945
03/16/23,Machine3,Night,10160
03/16/23,Machine4,Day,11076
03/16/23,Machine4,Night,9306
03/16/23,Machine5,Day,9200
03/16/23,Machine5,Night,12724
03/17/23,Machine1,Day,12381
03/17/23,Machine1,Night,9348
03/17/23,Machine2,Day,13100
03/17/23,Machine2,Night,11399
03/17/23,Machine3,Day,9353
03/17/23,Machine3,Night,10887
03/17/23,Machine4,Day,8788
03/17/23,Machine4,Night,11714
03/17/23,Machine5,Day,12282
03/17/23,Machine5,Night,9269
03/18/23,Machine1,Day,8579
03/18/23,Machine1,Night,9092
03/18/23,Machine2,Day,10329
03/18/23,Machine2,Night,8728
03/18/23,Machine3,Day,12064
03/18/23,Machine3,Night,12797
03/18/23,Machine4,Day,10147
03/18/23,Machine4,Night,12231
03/18/23,Machine5,Day,10876
03/18/23,Machine5,Night,10826
03/19/23,Machine1,Day,9706
03/19/23,Machine1,Night,12199
03/19/23,Machine2,Day,9615
03/19/23,Machine2,Night,10886
03/19/23,Machine3,Day,13147
03/19/23,Machine3,Night,11915
03/19/23,Machine4,Day,8579
03/19/23,Machine4,Night,8944
03/19/23,Machine5,Day,13210
03/19/23,Machine5,Night,12675
03/20/23,Machine1,Day,11389
03/20/23,Machine1,Night,12676
03/20/23,Machine2,Day,12671
03/20/23,Machine2,Night,13241
03/20/23,Machine3,Day,13431
03/20/23,Machine3,Night,10104
03/20/23,Machine4,Day,10506
03/20/23,Machine4,Night,10299
03/20/23,Machine5,Day,12555
03/20/23,Machine5,Night,9425
03/21/23,Machine1,Day,12750
03/21/23,Machine1,Night,12303
03/21/23,Machine2,Day,9608
03/21/23,Machine2,Night,12795
03/21/23,Machine3,Day,10753
03/21/23,Machine3,Night,8970
03/21/23,Machine4,Day,11407
03/21/23,Machine4,Night,12833
03/21/23,Machine5,Day,10293
03/21/23,Machine5,Night,13080
03/22/23,Machine1,Day,12384
03/22/23,Machine1,Night,9941
03/22/23,Machine2,Day,11958
03/22/23,Machine2,Night,10758
03/22/23,Machine3,Day,11810
03/22/23,Machine3,Night,12259
03/22/23,Machine4,Day,12996
03/22/23,Machine4,Night,13153
03/22/23,Machine5,Day,12160
03/22/23,Machine5,Night,11534
03/23/23,Machine1,Day,13441
03/23/23,Machine1,Night,11151
03/23/23,Machine2,Day,10477
03/23/23,Machine2,Night,13326
03/23/23,Machine3,Day,12591
03/23/23,Machine3,Night,8883
03/23/23,Machine4,Day,10855
03/23/23,Machine4,Night,9816
03/23/23,Machine5,Day,12793
03/23/23,Machine5,Night,12097
03/24/23,Machine1,Day,10894
03/24/23,Machine1,Night,9323
03/24/23,Machine2,Day,12992
03/24/23,Machine2,Night,13041
03/24/23,Machine3,Day,9017
03/24/23,Machine3,Night,10028
03/24/23,Machine4,Day,12125
03/24/23,Machine4,Night,11089
03/24/23,Machine5,Day,12506
03/24/23,Machine5,Night,11537
03/25/23,Machine1,Day,9180
03/25/23,Machine1,Night,9186
03/25/23,Machine2,Day,10972
03/25/23,Machine2,Night,10468
03/25/23,Machine3,Day,9955
03/25/23,Machine3,Night,13084
03/25/23,Machine4,Day,8816
03/25/23,Machine4,Night,9824
03/25/23,Machine5,Day,11481
03/25/23,Machine5,Night,9956
03/26/23,Machine1,Day,8622
03/26/23,Machine1,Night,9156
03/26/23,Machine2,Day,9201
03/26/23,Machine2,Night,12836
03/26/23,Machine3,Day,10278
03/26/23,Machine3,Night,9555
03/26/23,Machine4,Day,11896
03/26/23,Machine4,Night,12236
03/26/23,Machine5,Day,12591
03/26/23,Machine5,Night,12265
03/27/23,Machine1,Day,9532
03/27/23,Machine1,Night,12460
03/27/23,Machine2,Day,9619
03/27/23,Machine2,Night,8970
03/27/23,Machine3,Day,10240
03/27/23,Machine3,Night,11463
03/27/23,Machine4,Day,11546
03/27/23,Machine4,Night,11458
03/27/23,Machine5,Day,10881
03/27/23,Machine5,Night,10517
03/28/23,Machine1,Day,12679
03/28/23,Machine1,Night,8753
03/28/23,Machine2,Day,8577
03/28/23,Machine2,Night,11020
03/28/23,Machine3,Day,12769
03/28/23,Machine3,Night,10487
03/28/23,Machine4,Day,13310
03/28/23,Machine4,Night,13309
03/28/23,Machine5,Day,11154
03/28/23,Machine5,Night,9401
03/29/23,Machine1,Day,10862
03/29/23,Machine1,Night,10574
03/29/23,Machine2,Day,10112
03/29/23,Machine2,Night,10034
03/29/23,Machine3,Day,10434
03/29/23,Machine3,Night,12441
03/29/23,Machine4,Day,11595
03/29/23,Machine4,Night,11243
03/29/23,Machine5,Day,13218
03/29/23,Machine5,Night,13385
03/30/23,Machine1,Day,10796
03/30/23,Machine1,Night,10731
03/30/23,Machine2,Day,8843
03/30/23,Machine2,Night,11268
03/30/23,Machine3,Day,13225
03/30/23,Machine3,Night,8536
03/30/23,Machine4,Day,9508
03/30/23,Machine4,Night,10588
03/30/23,Machine5,Day,11331
03/30/23,Machine5,Night,8972
03/31/23,Machine1,Day,9298
03/31/23,Machine1,Night,13323
03/31/23,Machine2,Day,10691
03/31/23,Machine2,Night,11277
03/31/23,Machine3,Day,9820
03/31/23,Machine3,Night,10337
03/31/23,Machine4,Day,9830
03/31/23,Machine4,Night,9038
03/31/23,Machine5,Day,12064
03/31/23,Machine5,Night,12974
04/01/23,Machine1,Day,9033
04/01/23,Machine1,Night,13328
04/01/23,Machine2,Day,12381
04/01/23,Machine2,Night,12385
04/01/23,Machine3,Day,11661
04/01/23,Machine3,Night,11242
04/01/23,Machine4,Day,9998
04/01/23,Machine4,Night,10048
04/01/23,Machine5,Day,10338
04/01/23,Machine5,Night,10759
04/02/23,Machine1,Day,11295
04/02/23,Machine1,Night,11797
04/02/23,Machine2,Day,12675
04/02/23,Machine2,Night,12091
04/02/23,Machine3,Day,12017
04/02/23,Machine3,Night,12470
04/02/23,Machine4,Day,8754
04/02/23,Machine4,Night,11249
04/02/23,Machine5,Day,9367
04/02/23,Machine5,Night,9359
04/03/23,Machine1,Day,11557
04/03/23,Machine1,Night,9167
04/03/23,Machine2,Day,8557
04/03/23,Machine2,Night,10143
04/03/23,Machine3,Day,10224
04/03/23,Machine3,Night,12620
04/03/23,Machine4,Day,11641
04/03/23,Machine4,Night,9109
04/03/23,Machine5,Day,10935
04/03/23,Machine5,Night,9736
04/04/23,Machine1,Day,11697
04/04/23,Machine1,Night,9626
04/04/23,Machine2,Day,13041
04/04/23,Machine2,Night,10713
04/04/23,Machine3,Day,9237
04/04/23,Machine3,Night,13234
04/04/23,Machine4,Day,9339
04/04/23,Machine4,Night,12962
04/04/23,Machine5,Day,12558
04/04/23,Machine5,Night,10011
04/05/23,Machine1,Day,11260
04/05/23,Machine1,Night,8772
04/05/23,Machine2,Day,11878
04/05/23,Machine2,Night,11181
04/05/23,Machine3,Day,11571
04/05/23,Machine3,Night,12546
04/05/23,Machine4,Day,10124
04/05/23,Machine4,Night,9971
04/05/23,Machine5,Day,10098
04/05/23,Machine5,Night,11735
04/06/23,Machine1,Day,11738
04/06/23,Machine1,Night,9690
04/06/23,Machine2,Day,12724
04/06/23,Machine2,Night,12419
04/06/23,Machine3,Day,11399
04/06/23,Machine3,Night,10618
04/06/23,Machine4,Day,13134
04/06/23,Machine4,Night,10251
04/06/23,Machine5,Day,9817
04/06/23,Machine5,Night,11662
04/07/23,Machine1,Day,8901
04/07/23,Machine1,Night,10342
04/07/23,Machine2,Day,12018
04/07/23,Machine2,Night,12991
04/07/23,Machine3,Day,9072
04/07/23,Machine3,Night,11573
04/07/23,Machine4,Day,8981
04/07/23,Machine4,Night,11333
04/07/23,Machine5,Day,10107
04/07/23,Machine5,Night,9916
04/08/23,Machine1,Day,12538
04/08/23,Machine1,Night,8832
04/08/23,Machine2,Day,10650
04/08/23,Machine2,Night,9063
04/08/23,Machine3,Day,8679
04/08/23,Machine3,Night,8876
04/08/23,Machine4,Day,12335
04/08/23,Machine4,Night,9174
04/08/23,Machine5,Day,11590
04/08/23,Machine5,Night,9962
04/09/23,Machine1,Day,12714
04/09/23,Machine1,Night,11958
04/09/23,Machine2,Day,10248
04/09/23,Machine2,Night,13263
04/09/23,Machine3,Day,10511
04/09/23,Machine3,Night,12886
04/09/23,Machine4,Day,10983
04/09/23,Machine4,Night,10890
04/09/23,Machine5,Day,11718
04/09/23,Machine5,Night,8543
04/10/23,Machine1,Day,13133
04/10/23,Machine1,Night,12008
04/10/23,Machine2,Day,10351
04/10/23,Machine2,Night,13305
04/10/23,Machine3,Day,10667
04/10/23,Machine3,Night,8931
04/10/23,Machine4,Day,11594
04/10/23,Machine4,Night,9322
04/10/23,Machine5,Day,12533
04/10/23,Machine5,Night,9699
04/11/23,Machine1,Day,9806
04/11/23,Machine1,Night,13489
04/11/23,Machine2,Day,10961
04/11/23,Machine2,Night,11908
04/11/23,Machine3,Day,10388
04/11/23,Machine3,Night,9071
04/11/23,Machine4,Day,10069
04/11/23,Machine4,Night,12177
04/11/23,Machine5,Day,11361
04/11/23,Machine5,Night,9884
04/12/23,Machine1,Day,9158
04/12/23,Machine1,Night,13272
04/12/23,Machine2,Day,9397
04/12/23,Machine2,Night,9794
04/12/23,Machine3,Day,11178
04/12/23,Machine3,Night,13127
04/12/23,Machine4,Day,10665
04/12/23,Machine4,Night,8559
04/12/23,Machine5,Day,9734
04/12/23,Machine5,Night,9035
04/13/23,Machine1,Day,12064
04/13/23,Machine1,Night,11319
04/13/23,Machine2,Day,12287
04/13/23,Machine2,Night,10047
04/13/23,Machine3,Day,8788
04/13/23,Machine3,Night,8653
04/13/23,Machine4,Day,11700
04/13/23,Machine4,Night,8598
04/13/23,Machine5,Day,12532
04/13/23,Machine5,Night,11649
04/14/23,Machine1,Day,8538
04/14/23,Machine1,Night,9930
04/14/23,Machine2,Day,10678
04/14/23,Machine2,Night,11794
04/14/23,Machine3,Day,9096
04/14/23,Machine3,Night,11494
04/14/23,Machine4,Day,12680
04/14/23,Machine4,Night,10847
04/14/23,Machine5,Day,11495
04/14/23,Machine5,Night,12854
04/15/23,Machine1,Day,8519
04/15/23,Machine1,Night,11185
04/15/23,Machine2,Day,13324
04/15/23,Machine2,Night,8657
04/15/23,Machine3,Day,8729
04/15/23,Machine3,Night,9321
04/15/23,Machine4,Day,12701
04/15/23,Machine4,Night,9698
04/15/23,Machine5,Day,12937
04/15/23,Machine5,Night,9241
04/16/23,Machine1,Day,9659
04/16/23,Machine1,Night,9305
04/16/23,Machine2,Day,11979
04/16/23,Machine2,Night,13121
04/16/23,Machine3,Day,9164
04/16/23,Machine3,Night,10918
04/16/23,Machine4,Day,9025
04/16/23,Machine4,Night,13366
04/16/23,Machine5,Day,13128
04/16/23,Machine5,Night,8524
04/17/23,Machine1,Day,12682
04/17/23,Machine1,Night,11368
04/17/23,Machine2,Day,10655
04/17/23,Machine2,Night,12082
04/17/23,Machine3,Day,11465
04/17/23,Machine3,Night,9993
04/17/23,Machine4,Day,12202
04/17/23,Machine4,Night,10956
04/17/23,Machine5,Day,9309
04/17/23,Machine5,Night,9528
04/18/23,Machine1,Day,9379
04/18/23,Machine1,Night,8978
04/18/23,Machine2,Day,12471
04/18/23,Machine2,Night,8702
04/18/23,Machine3,Day,10231
04/18/23,Machine3,Night,10060
04/18/23,Machine4,Day,9042
04/18/23,Machine4,Night,9236
04/18/23,Machine5,Day,12576
04/18/23,Machine5,Night,12445
04/19/23,Machine1,Day,10243
04/19/23,Machine1,Night,8567
04/19/23,Machine2,Day,10218
04/19/23,Machine2,Night,10596
04/19/23,Machine3,Day,9480
04/19/23,Machine3,Night,13154
04/19/23,Machine4,Day,9371
04/19/23,Machine4,Night,13007
04/19/23,Machine5,Day,10402
04/19/23,Machine5,Night,9290
04/20/23,Machine1,Day,13031
04/20/23,Machine1,Night,8570
04/20/23,Machine2,Day,11081
04/20/23,Machine2,Night,9194
04/20/23,Machine3,Day,10618
04/20/23,Machine3,Night,8816
04/20/23,Machine4,Day,9132
04/20/23,Machine4,Night,12625
04/20/23,Machine5,Day,13234
04/20/23,Machine5,Night,12693
04/21/23,Machine1,Day,12396
04/21/23,Machine1,Night,8830
04/21/23,Machine2,Day,8861
04/21/23,Machine2,Night,11960
04/21/23,Machine3,Day,12411
04/21/23,Machine3,Night,12820
04/21/23,Machine4,Day,12729
04/21/23,Machine4,Night,12789
04/21/23,Machine5,Day,8706
04/21/23,Machine5,Night,8707
04/22/23,Machine1,Day,8933
04/22/23,Machine1,Night,13173
04/22/23,Machine2,Day,10551
04/22/23,Machine2,Night,10334
04/22/23,Machine3,Day,11458
04/22/23,Machine3,Night,10656
04/22/23,Machine4,Day,10584
04/22/23,Machine4,Night,12976
04/22/23,Machine5,Day,12753
04/22/23,Machine5,Night,9346
04/23/23,Machine1,Day,11368
04/23/23,Machine1,Night,13118
04/23/23,Machine2,Day,12179
04/23/23,Machine2,Night,11001
04/23/23,Machine3,Day,12657
04/23/23,Machine3,Night,11347
04/23/23,Machine4,Day,10061
04/23/23,Machine4,Night,11408
04/23/23,Machine5,Day,10476
04/23/23,Machine5,Night,11344
04/24/23,Machine1,Day,12210
04/24/23,Machine1,Night,13099
04/24/23,Machine2,Day,8821
04/24/23,Machine2,Night,13067
04/24/23,Machine3,Day,13070
04/24/23,Machine3,Night,12524
04/24/23,Machine4,Day,8617
04/24/23,Machine4,Night,9049
04/24/23,Machine5,Day,12449
04/24/23,Machine5,Night,12397
04/25/23,Machine1,Day,8861
04/25/23,Machine1,Night,9024
04/25/23,Machine2,Day,10195
04/25/23,Machine2,Night,9896
04/25/23,Machine3,Day,12960
04/25/23,Machine3,Night,12594
04/25/23,Machine4,Day,11136
04/25/23,Machine4,Night,13258
04/25/23,Machine5,Day,11569
04/25/23,Machine5,Night,12667
04/26/23,Machine1,Day,12950
04/26/23,Machine1,Night,10816
04/26/23,Machine2,Day,12445
04/26/23,Machine2,Night,8872
04/26/23,Machine3,Day,11691
04/26/23,Machine3,Night,13025
04/26/23,Machine4,Day,11615
04/26/23,Machine4,Night,12294
04/26/23,Machine5,Day,9924
04/26/23,Machine5,Night,9542
04/27/23,Machine1,Day,12146
04/27/23,Machine1,Night,12401
04/27/23,Machine2,Day,12453
04/27/23,Machine2,Night,12543
04/27/23,Machine3,Day,12387
04/27/23,Machine3,Night,12749
04/27/23,Machine4,Day,12803
04/27/23,Machine4,Night,12543
04/27/23,Machine5,Day,11449
04/27/23,Machine5,Night,11402
04/28/23,Machine1,Day,12389
04/28/23,Machine1,Night,11071
04/28/23,Machine2,Day,10716
04/28/23,Machine2,Night,11648
04/28/23,Machine3,Day,8742
04/28/23,Machine3,Night,10477
04/28/23,Machine4,Day,9348
04/28/23,Machine4,Night,11918
04/28/23,Machine5,Day,9352
04/28/23,Machine5,Night,11564
04/29/23,Machine1,Day,11182
04/29/23,Machine1,Night,10868
04/29/23,Machine2,Day,13368
04/29/23,Machine2,Night,11833
04/29/23,Machine3,Day,10394
04/29/23,Machine3,Night,12832
04/29/23,Machine4,Day,12051
04/29/23,Machine4,Night,10230
04/29/23,Machine5,Day,10078
04/29/23,Machine5,Night,13145
04/30/23,Machine1,Day,10333
04/30/23,Machine1,Night,11321
04/30/23,Machine2,Day,11431
04/30/23,Machine2,Night,9052
04/30/23,Machine3,Day,13234
04/30/23,Machine3,Night,12252
04/30/23,Machine4,Day,12286
04/30/23,Machine4,Night,9243
04/30/23,Machine5,Day,10129
04/30/23,Machine5,Night,9800
05/01/23,Machine1,Day,9982
05/01/23,Machine1,Night,11540
05/01/23,Machine2,Day,10391
05/01/23,Machine2,Night,10467
05/01/23,Machine3,Day,12455
05/01/23,Machine3,Night,11928
05/01/23,Machine4,Day,11130
05/01/23,Machine4,Night,12767
05/01/23,Machine5,Day,10071
05/01/23,Machine5,Night,9347
05/02/23,Machine1,Day,10804
05/02/23,Machine1,Night,9957
05/02/23,Machine2,Day,11342
05/02/23,Machine2,Night,8817
05/02/23,Machine3,Day,13152
05/02/23,Machine3,Night,13172
05/02/23,Machine4,Day,13053
05/02/23,Machine4,Night,9017
05/02/23,Machine5,Day,9330
05/02/23,Machine5,Night,12344
05/03/23,Machine1,Day,12470
05/03/23,Machine1,Night,12297
05/03/23,Machine2,Day,8888
05/03/23,Machine2,Night,9247
05/03/23,Machine3,Day,10470
05/03/23,Machine3,Night,11463
05/03/23,Machine4,Day,9511
05/03/23,Machine4,Night,10293
05/03/23,Machine5,Day,13362
05/03/23,Machine5,Night,9851
05/04/23,Machine1,Day,12188
05/04/23,Machine1,Night,12465
05/04/23,Machine2,Day,10444
05/04/23,Machine2,Night,9830
05/04/23,Machine3,Day,10142
05/04/23,Machine3,Night,10679
05/04/23,Machine4,Day,9031
05/04/23,Machine4,Night,13328
05/04/23,Machine5,Day,13325
05/04/23,Machine5,Night,12483
05/05/23,Machine1,Day,13267
05/05/23,Machine1,Night,13143
05/05/23,Machine2,Day,12357
05/05/23,Machine2,Night,9729
05/05/23,Machine3,Day,10173
05/05/23,Machine3,Night,10105
05/05/23,Machine4,Day,12772
05/05/23,Machine4,Night,12836
05/05/23,Machine5,Day,11858
05/05/23,Machine5,Night,9330
05/06/23,Machine1,Day,8500
05/06/23,Machine1,Night,11213
05/06/23,Machine2,Day,8906
05/06/23,Machine2,Night,9789
05/06/23,Machine3,Day,9361
05/06/23,Machine3,Night,10971
05/06/23,Machine4,Day,12827
05/06/23,Machine4,Night,12941
05/06/23,Machine5,Day,11387
05/06/23,Machine5,Night,10639
05/07/23,Machine1,Day,12663
05/07/23,Machine1,Night,9454
05/07/23,Machine2,Day,9588
05/07/23,Machine2,Night,9716
05/07/23,Machine3,Day,11842
05/07/23,Machine3,Night,10378
05/07/23,Machine4,Day,9515
05/07/23,Machine4,Night,9907
05/07/23,Machine5,Day,8521
05/07/23,Machine5,Night,10053
05/08/23,Machine1,Day,12030
05/08/23,Machine1,Night,9010
05/08/23,Machine2,Day,12066
05/08/23,Machine2,Night,11090
05/08/23,Machine3,Day,10798
05/08/23,Machine3,Night,11389
05/08/23,Machine4,Day,11734
05/08/23,Machine4,Night,10603
05/08/23,Machine5,Day,13366
05/08/23,Machine5,Night,10410
05/09/23,Machine1,Day,10123
05/09/23,Machine1,Night,10924
05/09/23,Machine2,Day,12019
05/09/23,Machine2,Night,11440
05/09/23,Machine3,Day,11931
05/09/23,Machine3,Night,10972
05/09/23,Machine4,Day,11188
05/09/23,Machine4,Night,11439
05/09/23,Machine5,Day,10928
05/09/23,Machine5,Night,12920
05/10/23,Machine1,Day,9254
05/10/23,Machine1,Night,12211
05/10/23,Machine2,Day,10931
05/10/23,Machine2,Night,12257
05/10/23,Machine3,Day,9320
05/10/23,Machine3,Night,11257
05/10/23,Machine4,Day,13482
05/10/23,Machine4,Night,10359
05/10/23,Machine5,Day,9240
05/10/23,Machine5,Night,12511
05/11/23,Machine1,Day,8752
05/11/23,Machine1,Night,13324
05/11/23,Machine2,Day,8941
05/11/23,Machine2,Night,12126
05/11/23,Machine3,Day,9749
05/11/23,Machine3,Night,12795
05/11/23,Machine4,Day,11728
05/11/23,Machine4,Night,10959
05/11/23,Machine5,Day,10057
05/11/23,Machine5,Night,12603
05/12/23,Machine1,Day,9025
05/12/23,Machine1,Night,13142
05/12/23,Machine2,Day,10545
05/12/23,Machine2,Night,11168
05/12/23,Machine3,Day,12372
05/12/23,Machine3,Night,8742
05/12/23,Machine4,Day,10071
05/12/23,Machine4,Night,11971
05/12/23,Machine5,Day,9871
05/12/23,Machine5,Night,11254
05/13/23,Machine1,Day,10799
05/13/23,Machine1,Night,9523
05/13/23,Machine2,Day,10018
05/13/23,Machine2,Night,13123
05/13/23,Machine3,Day,12181
05/13/23,Machine3,Night,8514
05/13/23,Machine4,Day,11735
05/13/23,Machine4,Night,11652
05/13/23,Machine5,Day,12954
05/13/23,Machine5,Night,10735
05/14/23,Machine1,Day,10173
05/14/23,Machine1,Night,9141
05/14/23,Machine2,Day,11811
05/14/23,Machine2,Night,10655
05/14/23,Machine3,Day,11535
05/14/23,Machine3,Night,11286
05/14/23,Machine4,Day,10050
05/14/23,Machine4,Night,12150
05/14/23,Machine5,Day,12125
05/14/23,Machine5,Night,13220
05/15/23,Machine1,Day,12919
05/15/23,Machine1,Night,9929
05/15/23,Machine2,Day,8553
05/15/23,Machine2,Night,8707
05/15/23,Machine3,Day,12486
05/15/23,Machine3,Night,9450
05/15/23,Machine4,Day,9871
05/15/23,Machine4,Night,12523
05/15/23,Machine5,Day,12926
05/15/23,Machine5,Night,13399
05/16/23,Machine1,Day,12854
05/16/23,Machine1,Night,10483
05/16/23,Machine2,Day,10020
05/16/23,Machine2,Night,12293
05/16/23,Machine3,Day,13228
05/16/23,Machine3,Night,9561
05/16/23,Machine4,Day,10595
05/16/23,Machine4,Night,12190
05/16/23,Machine5,Day,11711
05/16/23,Machine5,Night,10510
05/17/23,Machine1,Day,8630
05/17/23,Machine1,Night,12491
05/17/23,Machine2,Day,9513
05/17/23,Machine2,Night,9976
05/17/23,Machine3,Day,11651
05/17/23,Machine3,Night,12873
05/17/23,Machine4,Day,12375
05/17/23,Machine4,Night,13076
05/17/23,Machine5,Day,12211
05/17/23,Machine5,Night,9878
05/18/23,Machine1,Day,8602
05/18/23,Machine1,Night,11876
05/18/23,Machine2,Day,12014
05/18/23,Machine2,Night,9670
05/18/23,Machine3,Day,11565
05/18/23,Machine3,Night,13402
05/18/23,Machine4,Day,12699
05/18/23,Machine4,Night,10229
05/18/23,Machine5,Day,9637
05/18/23,Machine5,Night,12451
05/19/23,Machine1,Day,11749
05/19/23,Machine1,Night,12589
05/19/23,Machine2,Day,11036
05/19/23,Machine2,Night,12121
05/19/23,Machine3,Day,12368
05/19/23,Machine3,Night,9190
05/19/23,Machine4,Day,8871
05/19/23,Machine4,Night,13423
05/19/23,Machine5,Day,10590
05/19/23,Machine5,Night,10585
05/20/23,Machine1,Day,8933
05/20/23,Machine1,Night,11504
05/20/23,Machine2,Day,10883
05/20/23,Machine2,Night,8803
05/20/23,Machine3,Day,8828
05/20/23,Machine3,Night,11616
05/20/23,Machine4,Day,9599
05/20/23,Machine4,Night,8909
05/20/23,Machine5,Day,10273
05/20/23,Machine5,Night,11799
05/21/23,Machine1,Day,11174
05/21/23,Machine1,Night,10381
05/21/23,Machine2,Day,10844
05/21/23,Machine2,Night,12380
05/21/23,Machine3,Day,12519
05/21/23,Machine3,Night,10741
05/21/23,Machine4,Day,8502
05/21/23,Machine4,Night,11625
05/21/23,Machine5,Day,9877
05/21/23,Machine5,Night,9737
05/22/23,Machine1,Day,11022
05/22/23,Machine1,Night,10253
05/22/23,Machine2,Day,12685
05/22/23,Machine2,Night,9579
05/22/23,Machine3,Day,9059
05/22/23,Machine3,Night,10104
05/22/23,Machine4,Day,8794
05/22/23,Machine4,Night,12124
05/22/23,Machine5,Day,8867
05/22/23,Machine5,Night,12258
05/23/23,Machine1,Day,9466
05/23/23,Machine1,Night,9078
05/23/23,Machine2,Day,12648
05/23/23,Machine2,Night,9192
05/23/23,Machine3,Day,8585
05/23/23,Machine3,Night,12027
05/23/23,Machine4,Day,12292
05/23/23,Machine4,Night,10496
05/23/23,Machine5,Day,9364
05/23/23,Machine5,Night,12487
05/24/23,Machine1,Day,10969
05/24/23,Machine1,Night,10722
05/24/23,Machine2,Day,11449
05/24/23,Machine2,Night,9233
05/24/23,Machine3,Day,10993
05/24/23,Machine3,Night,10825
05/24/23,Machine4,Day,12738
05/24/23,Machine4,Night,8609
05/24/23,Machine5,Day,9157
05/24/23,Machine5,Night,9382
05/25/23,Machine1,Day,11058
05/25/23,Machine1,Night,10969
05/25/23,Machine2,Day,10135
05/25/23,Machine2,Night,11807
05/25/23,Machine3,Day,11480
05/25/23,Machine3,Night,8552
05/25/23,Machine4,Day,13123
05/25/23,Machine4,Night,9859
05/25/23,Machine5,Day,8578
05/25/23,Machine5,Night,8885
05/26/23,Machine1,Day,8815
05/26/23,Machine1,Night,9775
05/26/23,Machine2,Day,9971
05/26/23,Machine2,Night,12137
05/26/23,Machine3,Day,8871
05/26/23,Machine3,Night,11835
05/26/23,Machine4,Day,11497
05/26/23,Machine4,Night,11136
05/26/23,Machine5,Day,9733
05/26/23,Machine5,Night,8870
05/27/23,Machine1,Day,10632
05/27/23,Machine1,Night,10142
05/27/23,Machine2,Day,10318
05/27/23,Machine2,Night,9877
05/27/23,Machine3,Day,11704
05/27/23,Machine3,Night,9695
05/27/23,Machine4,Day,10552
05/27/23,Machine4,Night,12368
05/27/23,Machine5,Day,8838
05/27/23,Machine5,Night,10271
05/28/23,Machine1,Day,9863
05/28/23,Machine1,Night,11318
05/28/23,Machine2,Day,12264
05/28/23,Machine2,Night,10601
05/28/23,Machine3,Day,11980
05/28/23,Machine3,Night,12530
05/28/23,Machine4,Day,10702
05/28/23,Machine4,Night,11834
05/28/23,Machine5,Day,11960
05/28/23,Machine5,Night,12936
05/29/23,Machine1,Day,10138
05/29/23,Machine1,Night,9723
05/29/23,Machine2,Day,12395
05/29/23,Machine2,Night,12855
05/29/23,Machine3,Day,13153
05/29/23,Machine3,Night,8720
05/29/23,Machine4,Day,11563
05/29/23,Machine4,Night,8545
05/29/23,Machine5,Day,11660
05/29/23,Machine5,Night,10141
05/30/23,Machine1,Day,10899
05/30/23,Machine1,Night,12434
05/30/23,Machine2,Day,10319
05/30/23,Machine2,Night,11502
05/30/23,Machine3,Day,8705
05/30/23,Machine3,Night,13429
05/30/23,Machine4,Day,11887
05/30/23,Machine4,Night,9504
05/30/23,Machine5,Day,12557
05/30/23,Machine5,Night,12324
05/31/23,Machine1,Day,13383
05/31/23,Machine1,Night,11861
05/31/23,Machine2,Day,8836
05/31/23,Machine2,Night,8978
05/31/23,Machine3,Day,13121
05/31/23,Machine3,Night,10690
05/31/23,Machine4,Day,11289
05/31/23,Machine4,Night,9935
05/31/23,Machine5,Day,12519
05/31/23,Machine5,Night,9579
06/01/23,Machine1,Day,10459
06/01/23,Machine1,Night,12630
06/01/23,Machine2,Day,10463
06/01/23,Machine2,Night,9047
06/01/23,Machine3,Day,12806
06/01/23,Machine3,Night,8768
06/01/23,Machine4,Day,9309
06/01/23,Machine4,Night,8607
06/01/23,Machine5,Day,9928
06/01/23,Machine5,Night,10692
06/02/23,Machine1,Day,9207
06/02/23,Machine1,Night,10483
06/02/23,Machine2,Day,12847
06/02/23,Machine2,Night,10532
06/02/23,Machine3,Day,12219
06/02/23,Machine3,Night,8789
06/02/23,Machine4,Day,10066
06/02/23,Machine4,Night,12292
06/02/23,Machine5,Day,8643
06/02/23,Machine5,Night,12784
06/03/23,Machine1,Day,12588
06/03/23,Machine1,Night,12181
06/03/23,Machine2,Day,9594
06/03/23,Machine2,Night,9333
06/03/23,Machine3,Day,12379
06/03/23,Machine3,Night,9474
06/03/23,Machine4,Day,13335
06/03/23,Machine4,Night,11331
06/03/23,Machine5,Day,8931
06/03/23,Machine5,Night,11032
06/04/23,Machine1,Day,13113
06/04/23,Machine1,Night,9101
06/04/23,Machine2,Day,12110
06/04/23,Machine2,Night,10322
06/04/23,Machine3,Day,12611
06/04/23,Machine3,Night,13052
06/04/23,Machine4,Day,11224
06/04/23,Machine4,Night,10170
06/04/23,Machine5,Day,11383
06/04/23,Machine5,Night,8529
06/05/23,Machine1,Day,13182
06/05/23,Machine1,Night,12151
06/05/23,Machine2,Day,12565
06/05/23,Machine2,Night,13411
06/05/23,Machine3,Day,9086
06/05/23,Machine3,Night,12423
06/05/23,Machine4,Day,12119
06/05/23,Machine4,Night,11455
06/05/23,Machine5,Day,9564
06/05/23,Machine5,Night,13107
06/06/23,Machine1,Day,8832
06/06/23,Machine1,Night,10247
06/06/23,Machine2,Day,9295
06/06/23,Machine2,Night,12389
06/06/23,Machine3,Day,12136
06/06/23,Machine3,Night,10136
06/06/23,Machine4,Day,9376
06/06/23,Machine4,Night,10027
06/06/23,Machine5,Day,9078
06/06/23,Machine5,Night,11028
06/07/23,Machine1,Day,12824
06/07/23,Machine1,Night,10017
06/07/23,Machine2,Day,9285
06/07/23,Machine2,Night,12953
06/07/23,Machine3,Day,10665
06/07/23,Machine3,Night,10274
06/07/23,Machine4,Day,12457
06/07/23,Machine4,Night,10124
06/07/23,Machine5,Day,10718
06/07/23,Machine5,Night,10173
06/08/23,Machine1,Day,10386
06/08/23,Machine1,Night,11069
06/08/23,Machine2,Day,9448
06/08/23,Machine2,Night,10082
06/08/23,Machine3,Day,12327
06/08/23,Machine3,Night,9134
06/08/23,Machine4,Day,11716
06/08/23,Machine4,Night,12236
06/08/23,Machine5,Day,9466
06/08/23,Machine5,Night,12403
06/09/23,Machine1,Day,12500
06/09/23,Machine1,Night,10416
06/09/23,Machine2,Day,12104
06/09/23,Machine2,Night,10122
06/09/23,Machine3,Day,8877
06/09/23,Machine3,Night,11962
06/09/23,Machine4,Day,9852
06/09/23,Machine4,Night,10678
06/09/23,Machine5,Day,9481
06/09/23,Machine5,Night,11865
06/10/23,Machine1,Day,11000
06/10/23,Machine1,Night,12867
06/10/23,Machine2,Day,9510
06/10/23,Machine2,Night,11017
06/10/23,Machine3,Day,12458
06/10/23,Machine3,Night,10082
06/10/23,Machine4,Day,10492
06/10/23,Machine4,Night,10910
06/10/23,Machine5,Day,11390
06/10/23,Machine5,Night,13351
06/11/23,Machine1,Day,11330
06/11/23,Machine1,Night,12907
06/11/23,Machine2,Day,9407
06/11/23,Machine2,Night,9324
06/11/23,Machine3,Day,12612
06/11/23,Machine3,Night,9919
06/11/23,Machine4,Day,8807
06/11/23,Machine4,Night,12277
06/11/23,Machine5,Day,12858
06/11/23,Machine5,Night,9028
06/12/23,Machine1,Day,11745
06/12/23,Machine1,Night,8934
06/12/23,Machine2,Day,8656
06/12/23,Machine2,Night,9472
06/12/23,Machine3,Day,12616
06/12/23,Machine3,Night,11566
06/12/23,Machine4,Day,9611
06/12/23,Machine4,Night,12362
06/12/23,Machine5,Day,11408
06/12/23,Machine5,Night,9194
06/13/23,Machine1,Day,10758
06/13/23,Machine1,Night,11195
06/13/23,Machine2,Day,10692
06/13/23,Machine2,Night,13334
06/13/23,Machine3,Day,9069
06/13/23,Machine3,Night,11655
06/13/23,Machine4,Day,10447
06/13/23,Machine4,Night,12591
06/13/23,Machine5,Day,10644
06/13/23,Machine5,Night,9716
06/14/23,Machine1,Day,10120
06/14/23,Machine1,Night,10212
06/14/23,Machine2,Day,12316
06/14/23,Machine2,Night,12785
06/14/23,Machine3,Day,8866
06/14/23,Machine3,Night,12483
06/14/23,Machine4,Day,12036
06/14/23,Machine4,Night,9470
06/14/23,Machine5,Day,10602
06/14/23,Machine5,Night,8787
06/15/23,Machine1,Day,11882
06/15/23,Machine1,Night,12488
06/15/23,Machine2,Day,8999
06/15/23,Machine2,Night,10304
06/15/23,Machine3,Day,11601
06/15/23,Machine3,Night,12419
06/15/23,Machine4,Day,9038
06/15/23,Machine4,Night,8946
06/15/23,Machine5,Day,9156
06/15/23,Machine5,Night,8911
06/16/23,Machine1,Day,12938
06/16/23,Machine1,Night,8596
06/16/23,Machine2,Day,11285
06/16/23,Machine2,Night,13237
06/16/23,Machine3,Day,8597
06/16/23,Machine3,Night,9049
06/16/23,Machine4,Day,12808
06/16/23,Machine4,Night,8810
06/16/23,Machine5,Day,11841
06/16/23,Machine5,Night,11099
06/17/23,Machine1,Day,13195
06/17/23,Machine1,Night,12212
06/17/23,Machine2,Day,9497
06/17/23,Machine2,Night,11127
06/17/23,Machine3,Day,9663
06/17/23,Machine3,Night,11559
06/17/23,Machine4,Day,9109
06/17/23,Machine4,Night,13098
06/17/23,Machine5,Day,9234
06/17/23,Machine5,Night,9280
06/18/23,Machine1,Day,9385
06/18/23,Machine1,Night,13381
06/18/23,Machine2,Day,11820
06/18/23,Machine2,Night,10717
06/18/23,Machine3,Day,10671
06/18/23,Machine3,Night,10309
06/18/23,Machine4,Day,13186
06/18/23,Machine4,Night,12109
06/18/23,Machine5,Day,12766
06/18/23,Machine5,Night,11608
06/19/23,Machine1,Day,11631
06/19/23,Machine1,Night,9392
06/19/23,Machine2,Day,10792
06/19/23,Machine2,Night,9142
06/19/23,Machine3,Day,11683
06/19/23,Machine3,Night,12266
06/19/23,Machine4,Day,12937
06/19/23,Machine4,Night,11624
06/19/23,Machine5,Day,13368
06/19/23,Machine5,Night,10243
06/20/23,Machine1,Day,11871
06/20/23,Machine1,Night,9150
06/20/23,Machine2,Day,9268
06/20/23,Machine2,Night,9267
06/20/23,Machine3,Day,8531
06/20/23,Machine3,Night,12320
06/20/23,Machine4,Day,9899
06/20/23,Machine4,Night,13498
06/20/23,Machine5,Day,12180
06/20/23,Machine5,Night,8984
06/21/23,Machine1,Day,12190
06/21/23,Machine1,Night,9735
06/21/23,Machine2,Day,11303
06/21/23,Machine2,Night,10871
06/21/23,Machine3,Day,9001
06/21/23,Machine3,Night,12370
06/21/23,Machine4,Day,12694
06/21/23,Machine4,Night,11484
06/21/23,Machine5,Day,8643
06/21/23,Machine5,Night,10701
06/22/23,Machine1,Day,12877
06/22/23,Machine1,Night,8924
06/22/23,Machine2,Day,10135
06/22/23,Machine2,Night,11285
06/22/23,Machine3,Day,11442
06/22/23,Machine3,Night,10095
06/22/23,Machine4,Day,9882
06/22/23,Machine4,Night,11601
06/22/23,Machine5,Day,13133
06/22/23,Machine5,Night,8556
06/23/23,Machine1,Day,11540
06/23/23,Machine1,Night,8617
06/23/23,Machine2,Day,10005
06/23/23,Machine2,Night,10859
06/23/23,Machine3,Day,11058
06/23/23,Machine3,Night,10686
06/23/23,Machine4,Day,9592
06/23/23,Machine4,Night,8784
06/23/23,Machine5,Day,9693
06/23/23,Machine5,Night,12398
06/24/23,Machine1,Day,11294
06/24/23,Machine1,Night,12094
06/24/23,Machine2,Day,11896
06/24/23,Machine2,Night,8733
06/24/23,Machine3,Day,11548
06/24/23,Machine3,Night,9222
06/24/23,Machine4,Day,10059
06/24/23,Machine4,Night,12832
06/24/23,Machine5,Day,8585
06/24/23,Machine5,Night,11202
06/25/23,Machine1,Day,12363
06/25/23,Machine1,Night,10091
06/25/23,Machine2,Day,13349
06/25/23,Machine2,Night,11273
06/25/23,Machine3,Day,9856
06/25/23,Machine3,Night,12003
06/25/23,Machine4,Day,11287
06/25/23,Machine4,Night,12379
06/25/23,Machine5,Day,8531
06/25/23,Machine5,Night,12637
06/26/23,Machine1,Day,12485
06/26/23,Machine1,Night,9632
06/26/23,Machine2,Day,10773
06/26/23,Machine2,Night,12906
06/26/23,Machine3,Day,8935
06/26/23,Machine3,Night,10174
06/26/23,Machine4,Day,10933
06/26/23,Machine4,Night,8546
06/26/23,Machine5,Day,13052
06/26/23,Machine5,Night,10851
06/27/23,Machine1,Day,12545
06/27/23,Machine1,Night,11554
06/27/23,Machine2,Day,11114
06/27/23,Machine2,Night,11063
06/27/23,Machine3,Day,12500
06/27/23,Machine3,Night,13032
06/27/23,Machine4,Day,11184
06/27/23,Machine4,Night,10219
06/27/23,Machine5,Day,9574
06/27/23,Machine5,Night,12978
06/28/23,Machine1,Day,11416
06/28/23,Machine1,Night,9756
06/28/23,Machine2,Day,11712
06/28/23,Machine2,Night,12658
06/28/23,Machine3,Day,9375
06/28/23,Machine3,Night,9742
06/28/23,Machine4,Day,9944
06/28/23,Machine4,Night,12096
06/28/23,Machine5,Day,11297
06/28/23,Machine5,Night,11098
06/29/23,Machine1,Day,12010
06/29/23,Machine1,Night,11161
06/29/23,Machine2,Day,11221
06/29/23,Machine2,Night,10412
06/29/23,Machine3,Day,13152
06/29/23,Machine3,Night,8759
06/29/23,Machine4,Day,10314
06/29/23,Machine4,Night,12435
06/29/23,Machine5,Day,9952
06/29/23,Machine5,Night,9540
06/30/23,Machine1,Day,9345
06/30/23,Machine1,Night,12098
06/30/23,Machine2,Day,9658
06/30/23,Machine2,Night,9156
06/30/23,Machine3,Day,10611
06/30/23,Machine3,Night,9338
06/30/23,Machine4,Day,11033
06/30/23,Machine4,Night,11461
06/30/23,Machine5,Day,12108
06/30/23,Machine5,Night,9882
07/01/23,Machine1,Day,10483
07/01/23,Machine1,Night,11071
07/01/23,Machine2,Day,10386
07/01/23,Machine2,Night,10353
07/01/23,Machine3,Day,9867
07/01/23,Machine3,Night,10138
07/01/23,Machine4,Day,11390
07/01/23,Machine4,Night,11565
07/01/23,Machine5,Day,11307
07/01/23,Machine5,Night,9690
07/02/23,Machine1,Day,9193
07/02/23,Machine1,Night,11720
07/02/23,Machine2,Day,12189
07/02/23,Machine2,Night,9467
07/02/23,Machine3,Day,9703
07/02/23,Machine3,Night,11308
07/02/23,Machine4,Day,12427
07/02/23,Machine4,Night,12918
07/02/23,Machine5,Day,11875
07/02/23,Machine5,Night,12941
07/03/23,Machine1,Day,9664
07/03/23,Machine1,Night,11356
07/03/23,Machine2,Day,13128
07/03/23,Machine2,Night,9964
07/03/23,Machine3,Day,13019
07/03/23,Machine3,Night,9890
07/03/23,Machine4,Day,8992
07/03/23,Machine4,Night,10313
07/03/23,Machine5,Day,13485
07/03/23,Machine5,Night,9582
07/04/23,Machine1,Day,9915
07/04/23,Machine1,Night,12652
07/04/23,Machine2,Day,13165
07/04/23,Machine2,Night,8897
07/04/23,Machine3,Day,9172
07/04/23,Machine3,Night,10080
07/04/23,Machine4,Day,8701
07/04/23,Machine4,Night,11584
07/04/23,Machine5,Day,8784
07/04/23,Machine5,Night,13033
